file1,file2,bottleneck_distance
000,001,4.10120582580566
000,002,4.09036445617676
001,002,1.27533149719238
