file1,file2,wasserstein_distance
000,001,37.3478500843048
000,002,34.5377426147461
001,002,6.91034960746765
